﻿<?xml version="1.0" encoding="utf-8"?>
<deployment>
  <id>b4bb3c09-1c92-4064-8640-5eed4819ffc2</id>
  <author>N/A</author>
  <deployer>OneDeploy</deployer>
  <authorEmail>N/A</authorEmail>
  <message>OneDeploy</message>
  <progress></progress>
  <status>Success</status>
  <statusText></statusText>
  <lastSuccessEndTime>2025-10-13T08:31:49.6620382Z</lastSuccessEndTime>
  <receivedTime>2025-10-13T08:31:45.1622224Z</receivedTime>
  <startTime>2025-10-13T08:31:46.6673659Z</startTime>
  <endTime>2025-10-13T08:31:49.6620382Z</endTime>
  <complete>True</complete>
  <is_temp>False</is_temp>
  <is_readonly>True</is_readonly>
  <buildSummary />
</deployment>