<step title="Incoming Request" date="2025-09-19T09:58:12.468" instance="2bafdd" url="/deploy?scmType=ExternalGit&amp;isAsync=true" method="POST" type="request" pid="768,1,16" Host="seeg-backend-api.scm.azurewebsites.net" User-Agent="Azure-WebSites-Controller/105.0.7.92" Authorization="Bas..." Expect="100-continue" Content-Length="76" x-ms-request-id="7aab281d-ffac-4c5c-b703-f1c2bdb041c4" X-ARR-LOG-ID="7aab281d-ffac-4c5c-b703-f1c2bdb041c4" CLIENT-IP="20.111.1.3:1920" X-SITE-DEPLOYMENT-ID="seeg-backend-api" WAS-DEFAULT-HOSTNAME="seeg-backend-api.scm.azurewebsites.net" X-MS-PLATFORM-INTERNAL="True" X-Forwarded-Proto="https" X-AppService-Proto="https" X-Forwarded-TlsVersion="1.3" X-WAWS-Unencoded-URL="/deploy?scmType=ExternalGit&amp;isAsync=true" X-Client-IP="20.111.1.3" X-Client-Port="1920" >
  <step title="FetchHandler" date="2025-09-19T09:58:12.522" >
    <step title="GitExeRepository.Initialize" date="2025-09-19T09:58:12.585" >
      <step title="Executing external process" date="2025-09-19T09:58:12.593" type="process" path="git" arguments="init" /><!-- duration: 549ms -->
      <step title="Executing external process" date="2025-09-19T09:58:13.152" type="process" path="git" arguments="config core.autocrlf false" /><!-- duration: 39ms -->
      <step title="Executing external process" date="2025-09-19T09:58:13.197" type="process" path="git" arguments="config core.preloadindex true" /><!-- duration: 42ms -->
      <step title="Executing external process" date="2025-09-19T09:58:13.246" type="process" path="git" arguments="config user.name &quot;unknown&quot;" /><!-- duration: 46ms -->
      <step title="Executing external process" date="2025-09-19T09:58:13.324" type="process" path="git" arguments="config user.email &quot;unknown&quot;" /><!-- duration: 43ms -->
      <step title="Executing external process" date="2025-09-19T09:58:13.374" type="process" path="git" arguments="config filter.lfs.clean &quot;git-lfs clean %f&quot;" /><!-- duration: 42ms -->
      <step title="Executing external process" date="2025-09-19T09:58:13.424" type="process" path="git" arguments="config filter.lfs.smudge &quot;git-lfs smudge %f&quot;" /><!-- duration: 34ms -->
      <step title="Executing external process" date="2025-09-19T09:58:13.468" type="process" path="git" arguments="config filter.lfs.required true" /><!-- duration: 46ms -->
      <step title="Configure git server" date="2025-09-19T09:58:13.524" >
        <step title="Executing external process" date="2025-09-19T09:58:13.531" type="process" path="git" arguments="config receive.denyCurrentBranch ignore" /><!-- duration: 43ms -->
      </step><!-- duration: 55ms -->
      <step title="Create deny users for .git folder" date="2025-09-19T09:58:13.583" /><!-- duration: 53ms -->
      <step title="Configure git-credential" date="2025-09-19T09:58:13.643" >
        <step title="Executing external process" date="2025-09-19T09:58:13.676" type="process" path="git" arguments="config credential.helper &quot;!&apos;/home/site/repository/.git/hooks/git-credential-invalid.sh&apos;&quot;" /><!-- duration: 36ms -->
      </step><!-- duration: 75ms -->
      <step title="Setup post receive hook" date="2025-09-19T09:58:13.726" >
        <step title="Non-Windows enviroment, granting 755 permission to post-receive hook file" date="2025-09-19T09:58:13.757" /><!-- duration: 48ms -->
      </step><!-- duration: 88ms -->
    </step><!-- duration: 1236ms -->
    <step title="Executing external process" date="2025-09-19T09:58:13.828" type="process" path="git" arguments="log -n 1 main --" >
      <step title="Process dump" date="2025-09-19T09:58:13.895" exitCode="128" type="processOutput" /><!-- duration: 6ms -->
    </step><!-- duration: 78ms -->
    <step title="Start deployment in the background" date="2025-09-19T09:58:13.913" >
      <step title="Executing external process" date="2025-09-19T09:58:13.939" type="process" path="git" arguments="rev-parse --git-dir" /><!-- duration: 32ms -->
      <step title="Executing external process" date="2025-09-19T09:58:13.978" type="process" path="git" arguments="rev-parse --git-dir" /><!-- duration: 23ms -->
      <step title="Executing external process" date="2025-09-19T09:58:14.010" type="process" path="git" arguments="log -n 1 main --" >
        <step title="Process dump" date="2025-09-19T09:58:14.076" exitCode="128" type="processOutput" /><!-- duration: 6ms -->
      </step><!-- duration: 77ms -->
      <step title="Acquiring Deployment Lock" date="2025-09-19T09:58:14.094" /><!-- duration: 6ms -->
      <step title="Acquired Deployment Lock" date="2025-09-19T09:58:14.156" /><!-- duration: 6ms -->
    </step><!-- duration: 379ms -->
  </step><!-- duration: 1778ms -->
  <step title="Outgoing response" date="2025-09-19T09:58:14.307" type="response" statusCode="202" statusText="Accepted" /><!-- duration: 7ms -->
</step><!-- duration: 1851ms -->
