<step title="Incoming Request" date="2025-10-13T08:26:59.911" instance="2be45d" url="/api/publish?type=static&amp;path=/home/check_user_azure.py" method="POST" type="request" pid="768,1,20" Accept="*/*" Host="seeg-backend-api.scm.azurewebsites.net" User-Agent="AZURECLI/2.77.0 (MSI)" Accept-Encoding="gzip, deflate" Authorization="Bea..." Cache-Control="no-cache" Content-Type="application/octet-stream" Cookie="ARRAffinity=2be45dc8513a5aac1cf08dd2678a9eef1fadfe1da35589acd5d4c13ba7087e1d; ARRAffinitySameSite=2be45dc8513a5aac1cf08dd2678a9eef1fadfe1da35589acd5d4c13ba7087e1d" Content-Length="2748" x-ms-client-request-id="5b94a4b7-a80e-11f0-83e5-eb87d65e221b" x-ms-artifact-checksum="2b480d3bbe10c7227d0dc5cde1c50b0a3f2b85d2dd33938d3cd33b06f56c3ca7" X-ARR-LOG-ID="5b94a4b7-a80e-11f0-83e5-eb87d65e221b" CLIENT-IP="154.116.52.75:62287" X-SITE-DEPLOYMENT-ID="seeg-backend-api" WAS-DEFAULT-HOSTNAME="seeg-backend-api.scm.azurewebsites.net" X-Forwarded-Proto="https" X-AppService-Proto="https" X-Forwarded-TlsVersion="1.3" X-WAWS-Unencoded-URL="/api/publish?type=static&amp;path=/home/check_user_azure.py" X-Client-IP="154.116.52.75" X-Client-Port="62287" >
  <step title="OneDeploy" date="2025-10-13T08:26:59.987" >
    <step title="None repository commit" date="2025-10-13T08:27:00.000" >
      <step title="Commit id: 385d9c3e-9ccb-48e2-826c-caf943f93505" date="2025-10-13T08:27:00.017" Message="N/A" AuthorName="N/A" AuthorEmail="N/A" /><!-- duration: 5ms -->
    </step><!-- duration: 30ms -->
    <step title="Starting PushDeployAsync" date="2025-10-13T08:27:00.037" /><!-- duration: 6ms -->
    <step title="Writing artifact to /tmp/zipdeploy/check_user_azure.py" date="2025-10-13T08:27:00.059" >
      <step title="Writing multipart request body to /tmp/zipdeploy/check_user_azure.py" date="2025-10-13T08:27:00.067" /><!-- duration: 7ms -->
    </step><!-- duration: 31ms -->
    <step title="Attempting to fetch target branch HEAD" date="2025-10-13T08:27:00.105" /><!-- duration: 5ms -->
    <step title="Acquiring Deployment Lock" date="2025-10-13T08:27:00.116" /><!-- duration: 5ms -->
    <step title="Acquired Deployment Lock" date="2025-10-13T08:27:00.179" /><!-- duration: 5ms -->
    <step title="Performing fetch based deployment" date="2025-10-13T08:27:00.196" >
      <step title="Creating temporary deployment" date="2025-10-13T08:27:00.201" /><!-- duration: 65ms -->
      <step title="Releasing Deployment Lock" date="2025-10-13T08:27:01.593" /><!-- duration: 29ms -->
>
      <step title="Moving /tmp/zipdeploy/extracted to /tmp/zipdeploy/extracted/check_user_azure.py" date="2025-10-13T08:27:01.652" /><!-- duration: 22ms -->
      <step title="None repository commit" date="2025-10-13T08:27:01.687" >
        <step title="Commit id: 385d9c3e-9ccb-48e2-826c-caf943f93505" date="2025-10-13T08:27:01.692" Message="OneDeploy" AuthorName="N/A" AuthorEmail="N/A" /><!-- duration: 5ms -->
      </step><!-- duration: 15ms -->
      <step title="Deployment timer started" date="2025-10-13T08:27:03.710" >
        <step title="DeploymentManager.Deploy(id:385d9c3e-9ccb-48e2-826c-caf943f93505)" date="2025-10-13T08:27:03.722" >
          <step title="Collecting changeset information" date="2025-10-13T08:27:03.753" /><!-- duration: 107ms -->
          <step title="Updating submodules" date="2025-10-13T08:27:03.870" /><!-- duration: 1185ms -->
          <step title="Determining deployment builder" date="2025-10-13T08:27:05.382" >
            <step title="Builder is OneDeployBuilder" date="2025-10-13T08:27:05.395" /><!-- duration: 5ms -->
          </step><!-- duration: 23ms -->
          <step title="PreDeployment: context.CleanOutputPath False" date="2025-10-13T08:27:05.478" >
            <step title="PreDeployment: context.OutputPath /home" date="2025-10-13T08:27:05.807" >
              <step title="Building" date="2025-10-13T08:27:06.078" >
                <step title="Executing external process" date="2025-10-13T08:27:06.795" type="process" path="starter.sh" arguments="/opt/Kudu/Scripts/parallel_rsync.sh /tmp/zipdeploy/extracted /home 8 /tmp/ False False  " /><!-- duration: 868ms -->
                <step title="Modified file to trigger a restart of the app container." date="2025-10-13T08:27:08.357" /><!-- duration: 5ms -->
                <step title="Skip function trigger and logicapp sync because function is not enabled." date="2025-10-13T08:27:08.384" /><!-- duration: 7ms -->
              </step><!-- duration: 3438ms -->
            </step><!-- duration: 3734ms -->
            <step title="Cleaning up temp files" date="2025-10-13T08:27:09.554" /><!-- duration: 26ms -->
            <step title="Cleaning up temp files" date="2025-10-13T08:27:09.592" /><!-- duration: 524ms -->
            <step title="Reloading status file with latest updates" date="2025-10-13T08:27:10.234" >
              <step title="WebHooksManager.PublishEventAsync: PostDeployment" date="2025-10-13T08:27:10.270" /><!-- duration: 212ms -->
            </step><!-- duration: 266ms -->
            <step title="Cleaning up temporary deployment - fetch deployment was successful" date="2025-10-13T08:27:10.529" /><!-- duration: 32ms -->
          </step><!-- duration: 5200ms -->
        </step><!-- duration: 6991ms -->
        <step title="Outgoing response" date="2025-10-13T08:27:10.743" type="response" statusCode="200" statusText="OK" /><!-- duration: 11ms -->
      </step><!-- duration: 7050ms -->
