<step title="Incoming Request" date="2025-10-13T07:59:20.400" instance="2be45d" url="/api/publish?type=static&amp;path=/home/fix_alembic_temp.py" method="POST" type="request" pid="768,1,14" Accept="*/*" Host="seeg-backend-api.scm.azurewebsites.net" User-Agent="AZURECLI/2.77.0 (MSI)" Accept-Encoding="gzip, deflate" Authorization="Bea..." Cache-Control="no-cache" Content-Type="application/octet-stream" Cookie="ARRAffinity=2be45dc8513a5aac1cf08dd2678a9eef1fadfe1da35589acd5d4c13ba7087e1d; ARRAffinitySameSite=2be45dc8513a5aac1cf08dd2678a9eef1fadfe1da35589acd5d4c13ba7087e1d" Content-Length="1315" x-ms-client-request-id="7bd60033-a80a-11f0-bffd-eb87d65e221b" x-ms-artifact-checksum="e1c820a0adcfde932d2a9f750d0de59dc4b00f17a3e8e74a06d5a8751aeb9d46" X-ARR-LOG-ID="7bd60033-a80a-11f0-bffd-eb87d65e221b" CLIENT-IP="154.116.52.75:65411" X-SITE-DEPLOYMENT-ID="seeg-backend-api" WAS-DEFAULT-HOSTNAME="seeg-backend-api.scm.azurewebsites.net" X-Forwarded-Proto="https" X-AppService-Proto="https" X-Forwarded-TlsVersion="1.3" X-WAWS-Unencoded-URL="/api/publish?type=static&amp;path=/home/fix_alembic_temp.py" X-Client-IP="154.116.52.75" X-Client-Port="65411" >
  <step title="OneDeploy" date="2025-10-13T07:59:20.523" >
    <step title="None repository commit" date="2025-10-13T07:59:20.536" >
      <step title="Commit id: 4b2442a7-9e14-4005-af66-9cdfd00d7fc5" date="2025-10-13T07:59:20.543" Message="N/A" AuthorName="N/A" AuthorEmail="N/A" /><!-- duration: 7ms -->
    </step><!-- duration: 22ms -->
    <step title="Starting PushDeployAsync" date="2025-10-13T07:59:20.563" /><!-- duration: 6ms -->
    <step title="Writing artifact to /tmp/zipdeploy/fix_alembic_temp.py" date="2025-10-13T07:59:20.590" >
      <step title="Writing multipart request body to /tmp/zipdeploy/fix_alembic_temp.py" date="2025-10-13T07:59:20.598" /><!-- duration: 9ms -->
    </step><!-- duration: 30ms -->
    <step title="Attempting to fetch target branch HEAD" date="2025-10-13T07:59:20.636" /><!-- duration: 5ms -->
    <step title="Acquiring Deployment Lock" date="2025-10-13T07:59:20.648" /><!-- duration: 6ms -->
    <step title="Acquired Deployment Lock" date="2025-10-13T07:59:20.720" /><!-- duration: 6ms -->
    <step title="Performing fetch based deployment" date="2025-10-13T07:59:20.739" >
      <step title="Creating temporary deployment" date="2025-10-13T07:59:20.746" /><!-- duration: 85ms -->
      <step title="Releasing Deployment Lock" date="2025-10-13T07:59:22.081" /><!-- duration: 11ms -->
>
      <step title="Moving /tmp/zipdeploy/extracted to /tmp/zipdeploy/extracted/fix_alembic_temp.py" date="2025-10-13T07:59:22.101" /><!-- duration: 9ms -->
      <step title="None repository commit" date="2025-10-13T07:59:22.120" >
        <step title="Commit id: 4b2442a7-9e14-4005-af66-9cdfd00d7fc5" date="2025-10-13T07:59:22.131" Message="OneDeploy" AuthorName="N/A" AuthorEmail="N/A" /><!-- duration: 12ms -->
      </step><!-- duration: 28ms -->
      <step title="Deployment timer started" date="2025-10-13T07:59:24.157" >
        <step title="DeploymentManager.Deploy(id:4b2442a7-9e14-4005-af66-9cdfd00d7fc5)" date="2025-10-13T07:59:24.166" >
          <step title="Collecting changeset information" date="2025-10-13T07:59:24.188" /><!-- duration: 127ms -->
          <step title="Updating submodules" date="2025-10-13T07:59:24.324" /><!-- duration: 1179ms -->
          <step title="Determining deployment builder" date="2025-10-13T07:59:25.852" >
            <step title="Builder is OneDeployBuilder" date="2025-10-13T07:59:25.862" /><!-- duration: 6ms -->
          </step><!-- duration: 21ms -->
          <step title="PreDeployment: context.CleanOutputPath False" date="2025-10-13T07:59:25.948" >
            <step title="PreDeployment: context.OutputPath /home" date="2025-10-13T07:59:26.141" >
              <step title="Building" date="2025-10-13T07:59:26.336" >
                <step title="Executing external process" date="2025-10-13T07:59:27.002" type="process" path="starter.sh" arguments="/opt/Kudu/Scripts/parallel_rsync.sh /tmp/zipdeploy/extracted /home 8 /tmp/ False False  " /><!-- duration: 705ms -->
                <step title="Modified file to trigger a restart of the app container." date="2025-10-13T07:59:28.328" /><!-- duration: 6ms -->
                <step title="Skip function trigger and logicapp sync because function is not enabled." date="2025-10-13T07:59:28.340" /><!-- duration: 21ms -->
              </step><!-- duration: 2877ms -->
            </step><!-- duration: 3081ms -->
            <step title="Cleaning up temp files" date="2025-10-13T07:59:29.226" /><!-- duration: 5ms -->
            <step title="Cleaning up temp files" date="2025-10-13T07:59:29.237" /><!-- duration: 505ms -->
            <step title="Reloading status file with latest updates" date="2025-10-13T07:59:29.795" >
              <step title="WebHooksManager.PublishEventAsync: PostDeployment" date="2025-10-13T07:59:29.801" /><!-- duration: 71ms -->
            </step><!-- duration: 81ms -->
            <step title="Cleaning up temporary deployment - fetch deployment was successful" date="2025-10-13T07:59:29.884" /><!-- duration: 6ms -->
          </step><!-- duration: 4043ms -->
        </step><!-- duration: 5833ms -->
        <step title="Outgoing response" date="2025-10-13T07:59:30.006" type="response" statusCode="200" statusText="OK" /><!-- duration: 5ms -->
      </step><!-- duration: 5859ms -->
