<step title="Incoming Request" date="2025-10-13T08:31:41.542" instance="2be45d" url="/api/publish?type=static&amp;path=/home/check_user.py" method="POST" type="request" pid="768,1,17" Accept="*/*" Host="seeg-backend-api.scm.azurewebsites.net" User-Agent="AZURECLI/2.77.0 (MSI)" Accept-Encoding="gzip, deflate" Authorization="Bea..." Cache-Control="no-cache" Content-Type="application/octet-stream" Cookie="ARRAffinity=2be45dc8513a5aac1cf08dd2678a9eef1fadfe1da35589acd5d4c13ba7087e1d; ARRAffinitySameSite=2be45dc8513a5aac1cf08dd2678a9eef1fadfe1da35589acd5d4c13ba7087e1d" Content-Length="3475" x-ms-client-request-id="03c7784b-a80f-11f0-b76f-eb87d65e221b" x-ms-artifact-checksum="c7db7cb9effc8e4e6c378789ec2b7fd220832fbe78e2b202cd854b75092db82f" X-ARR-LOG-ID="03c7784b-a80f-11f0-b76f-eb87d65e221b" CLIENT-IP="154.116.52.75:53423" X-SITE-DEPLOYMENT-ID="seeg-backend-api" WAS-DEFAULT-HOSTNAME="seeg-backend-api.scm.azurewebsites.net" X-Forwarded-Proto="https" X-AppService-Proto="https" X-Forwarded-TlsVersion="1.3" X-WAWS-Unencoded-URL="/api/publish?type=static&amp;path=/home/check_user.py" X-Client-IP="154.116.52.75" X-Client-Port="53423" >
  <step title="OneDeploy" date="2025-10-13T08:31:41.595" >
    <step title="Starting PushDeployAsync" date="2025-10-13T08:31:41.604" /><!-- duration: 6ms -->
    <step title="Writing artifact to /tmp/zipdeploy/check_user.py" date="2025-10-13T08:31:41.621" >
      <step title="Writing multipart request body to /tmp/zipdeploy/check_user.py" date="2025-10-13T08:31:41.626" /><!-- duration: 6ms -->
    </step><!-- duration: 18ms -->
    <step title="Attempting to fetch target branch HEAD" date="2025-10-13T08:31:41.652" /><!-- duration: 9ms -->
    <step title="Acquiring Deployment Lock" date="2025-10-13T08:31:41.666" /><!-- duration: 5ms -->
    <step title="Acquired Deployment Lock" date="2025-10-13T08:31:41.720" /><!-- duration: 5ms -->
    <step title="Performing fetch based deployment" date="2025-10-13T08:31:41.735" >
      <step title="Creating temporary deployment" date="2025-10-13T08:31:41.740" /><!-- duration: 57ms -->
      <step title="Releasing Deployment Lock" date="2025-10-13T08:31:43.001" /><!-- duration: 10ms -->
      <step title="Renaming (/tmp/zipdeploy/extracted) to (/tmp/zipdeploy/k1f2knly.0kr)" date="2025-10-13T08:31:43.030" /><!-- duration: 9ms -->
      <step title="Moving /tmp/zipdeploy/k1f2knly.0kr/ to /tmp/zipdeploy/extracted/check_user.py" date="2025-10-13T08:31:43.047" /><!-- duration: 5ms -->
      <step title="None repository commit" date="2025-10-13T08:31:43.059" >
        <step title="Commit id: b4bb3c09-1c92-4064-8640-5eed4819ffc2" date="2025-10-13T08:31:43.066" Message="OneDeploy" AuthorName="N/A" AuthorEmail="N/A" /><!-- duration: 5ms -->
      </step><!-- duration: 17ms -->
      <step title="Deployment timer started" date="2025-10-13T08:31:45.082" >
        <step title="DeploymentManager.Deploy(id:b4bb3c09-1c92-4064-8640-5eed4819ffc2)" date="2025-10-13T08:31:45.095" >
          <step title="Collecting changeset information" date="2025-10-13T08:31:45.112" /><!-- duration: 146ms -->
          <step title="Updating submodules" date="2025-10-13T08:31:45.266" /><!-- duration: 1194ms -->
          <step title="Determining deployment builder" date="2025-10-13T08:31:46.758" >
            <step title="Builder is OneDeployBuilder" date="2025-10-13T08:31:46.767" /><!-- duration: 6ms -->
          </step><!-- duration: 20ms -->
          <step title="PreDeployment: context.CleanOutputPath False" date="2025-10-13T08:31:46.840" >
            <step title="PreDeployment: context.OutputPath /home" date="2025-10-13T08:31:47.026" >
              <step title="Building" date="2025-10-13T08:31:47.214" >
                <step title="Executing external process" date="2025-10-13T08:31:47.872" type="process" path="starter.sh" arguments="/opt/Kudu/Scripts/parallel_rsync.sh /tmp/zipdeploy/extracted /home 8 /tmp/ False False  " /><!-- duration: 794ms -->
                <step title="Modified file to trigger a restart of the app container." date="2025-10-13T08:31:49.196" /><!-- duration: 10ms -->
                <step title="Skip function trigger and logicapp sync because function is not enabled." date="2025-10-13T08:31:49.212" /><!-- duration: 8ms -->
              </step><!-- duration: 2997ms -->
            </step><!-- duration: 3195ms -->
            <step title="Cleaning up temp files" date="2025-10-13T08:31:50.226" /><!-- duration: 7ms -->
            <step title="Cleaning up temp files" date="2025-10-13T08:31:50.247" /><!-- duration: 508ms -->
            <step title="Reloading status file with latest updates" date="2025-10-13T08:31:50.839" >
              <step title="WebHooksManager.PublishEventAsync: PostDeployment" date="2025-10-13T08:31:50.844" /><!-- duration: 37ms -->
            </step><!-- duration: 48ms -->
            <step title="Cleaning up temporary deployment - fetch deployment was successful" date="2025-10-13T08:31:50.895" /><!-- duration: 5ms -->
          </step><!-- duration: 4170ms -->
        </step><!-- duration: 5922ms -->
        <step title="Outgoing response" date="2025-10-13T08:31:51.024" type="response" statusCode="200" statusText="OK" /><!-- duration: 5ms -->
      </step><!-- duration: 5952ms -->
