﻿<?xml version="1.0" encoding="utf-8"?>
<deployment>
  <id>temp-26d07113</id>
  <author>N/A</author>
  <deployer>GitHub</deployer>
  <authorEmail>N/A</authorEmail>
  <message>Fetch from https://github.com/Kedesh11/SEEG-API</message>
  <progress></progress>
  <status>Failed</status>
  <statusText>Deployment has been stopped due to SCM container restart. The restart can happen due to a management operation on site. Do not perform a management operation and a deployment operation in quick succession. Adding a small delay can help avoid any conflicts.</statusText>
  <lastSuccessEndTime />
  <receivedTime>2025-09-19T09:58:14.1990312Z</receivedTime>
  <startTime>2025-09-19T09:58:14.1990312Z</startTime>
  <endTime>2025-09-19T09:59:55.1282525Z</endTime>
  <complete>True</complete>
  <is_temp>True</is_temp>
  <is_readonly>False</is_readonly>
  <buildSummary />
</deployment>