﻿<?xml version="1.0" encoding="utf-8"?>
<deployment>
  <id>4b2442a7-9e14-4005-af66-9cdfd00d7fc5</id>
  <author>N/A</author>
  <deployer>OneDeploy</deployer>
  <authorEmail>N/A</authorEmail>
  <message>OneDeploy</message>
  <progress></progress>
  <status>Success</status>
  <statusText></statusText>
  <lastSuccessEndTime>2025-10-13T07:59:28.7881294Z</lastSuccessEndTime>
  <receivedTime>2025-10-13T07:59:24.2322015Z</receivedTime>
  <startTime>2025-10-13T07:59:25.7502929Z</startTime>
  <endTime>2025-10-13T07:59:28.7881294Z</endTime>
  <complete>True</complete>
  <is_temp>False</is_temp>
  <is_readonly>True</is_readonly>
  <buildSummary />
</deployment>