﻿<?xml version="1.0" encoding="utf-8"?>
<deployment>
  <id>385d9c3e-9ccb-48e2-826c-caf943f93505</id>
  <author>N/A</author>
  <deployer>OneDeploy</deployer>
  <authorEmail>N/A</authorEmail>
  <message>OneDeploy</message>
  <progress></progress>
  <status>Success</status>
  <statusText></statusText>
  <lastSuccessEndTime>2025-10-13T08:27:08.9269887Z</lastSuccessEndTime>
  <receivedTime>2025-10-13T08:27:03.7869174Z</receivedTime>
  <startTime>2025-10-13T08:27:05.2896284Z</startTime>
  <endTime>2025-10-13T08:27:08.9269887Z</endTime>
  <complete>True</complete>
  <is_temp>False</is_temp>
  <is_readonly>True</is_readonly>
  <buildSummary />
</deployment>